/*
Fichier : Creation_GroupeB.sql
Auteurs : 
ALLOUCH YANIS 21708237
LY TXU-FENG 21606179
Nom du groupe : B
*/
/*
A METTTRE OBLIGATOIREMENT AU DEBUT 
- SUPPRESSION DE LA BASE DE DONNEES
- CREATION DE LA BASE DE DONNEES
- SUPPRESSIONS DE TOUTES LES BASES CREEES POUR LE PROJET
*/
DROP DATABASE IF EXISTS BDLLIEGOINTERNATIONAL;
CREATE DATABASE BDLLIEGOINTERNATIONAL;
USE BDLLIEGOINTERNATIONAL;


/* ----------------------------------------------Création de la base de  données -------------------------------------------------------------------*/


DROP TABLE IF EXISTS
		COMMENTE;
DROP TABLE IF EXISTS
		PARTICIPE;
DROP TABLE IF EXISTS
		COMPOSE;
DROP TABLE IF EXISTS
		EVENEMENTS;
DROP TABLE IF EXISTS
		ADMINISTRATEURS;
DROP TABLE IF EXISTS
		CONTRIBUTEURS;
DROP TABLE IF EXISTS
		USERS;
DROP TABLE IF EXISTS
		THEMES;
DROP TABLE IF EXISTS
		ADRESSES;


/* ---------------------------------------------Creation des relations-----------------------------------------------------------------------------*/


CREATE TABLE ADRESSES(
		IDA NUMERIC(8),
		NUM_RUE NUMERIC(65),
		NOM_VOIE VARCHAR(500),
		CP NUMERIC(10),
		LONGITUDE DECIMAL(7, 7),
		LATITUDE DECIMAL(7, 7),
		CONSTRAINT PK_ADRESSES PRIMARY KEY(IDA)
);
CREATE TABLE THEMES(
		MOT VARCHAR(50),
		CONSTRAINT PK_THEMES PRIMARY KEY(MOT)
);
CREATE TABLE USERS(
		IDUSER NUMERIC(8),
		IDA NUMERIC(8),
		NOM VARCHAR(50),
		PRENOM VARCHAR(50),
		MAIL VARCHAR(100),
		MDP VARCHAR(1000),
		DATE_INS DATE,
		CONSTRAINT PK_USER PRIMARY KEY(IDUSER),
		CONSTRAINT FK_USER_IDA FOREIGN KEY(IDA) REFERENCES ADRESSES(IDA)
);
CREATE TABLE CONTRIBUTEURS(
		IDCONTRIB NUMERIC(8),
		DESCRIPTION VARCHAR(1000),
		VALIDE NUMERIC(1),
		CONSTRAINT PK_CONTRIBUTEURS PRIMARY KEY(IDCONTRIB),
		CONSTRAINT FK_CONTRIBUTEURS FOREIGN KEY(IDCONTRIB) REFERENCES USERS(IDUSER)
);
CREATE TABLE ADMINISTRATEURS(
		IDADMIN NUMERIC(8),
		CONSTRAINT PK_ADMINISTRATEURS PRIMARY KEY(IDADMIN),
		CONSTRAINT FK_ADMINISTRATEURS FOREIGN KEY(IDADMIN) REFERENCES CONTRIBUTEURS(IDCONTRIB)
);
CREATE TABLE EVENEMENTS(
		IDE NUMERIC(8),
		IDA NUMERIC(8),
		IDCONTRIB NUMERIC(8),
		TITRE VARCHAR(100) NOT NULL,
		DESCRIPTION VARCHAR(500),
		EFFECTIF_MAX NUMERIC(10),
		DATE_EVENEMENT DATE,
		HEURE_EVENEMENT TIME,
		TARIF NUMERIC(8),
		CONSTRAINT PK_EVENEMENT PRIMARY KEY(IDE),
		CONSTRAINT FK_EVENEMENT_IDA FOREIGN KEY(IDA) REFERENCES ADRESSES(IDA),
		CONSTRAINT FK_EVENEMENT_IDCONTRIB FOREIGN KEY(IDCONTRIB) REFERENCES CONTRIBUTEURS(IDCONTRIB)
);
CREATE TABLE COMPOSE(
		IDE NUMERIC(8),
		MOT VARCHAR(50),
		CONSTRAINT PK_COMPOSE_IDE_MOT PRIMARY KEY(IDE, MOT),
		CONSTRAINT FK_COMPOSE_IDE FOREIGN KEY(IDE) REFERENCES EVENEMENTS(IDE),
		CONSTRAINT FK_COMPOSE_MOT FOREIGN KEY(MOT) REFERENCES THEMES(MOT)
);
CREATE TABLE PARTICIPE(
		IDE NUMERIC(8),
		IDUSER NUMERIC(8),
		CONSTRAINT PK_PARTICIE_IDE_IDUSER PRIMARY KEY(IDE, IDUSER),
		CONSTRAINT FK_PARTICIE_IDE FOREIGN KEY(IDE) REFERENCES EVENEMENTS(IDE),
		CONSTRAINT FK_PARTICIE_IDUSER FOREIGN KEY(IDUSER) REFERENCES USERS(IDUSER)
);
CREATE TABLE COMMENTE(
		IDE NUMERIC(8),
		IDUSER NUMERIC(8),
		NOTE NUMERIC(5),
		COMMENTAIRE VARCHAR(1000),
		CONSTRAINT PK_COMMENTE_IDE_IDUSER PRIMARY KEY(IDE, IDUSER),
		CONSTRAINT FK_COMMENTE_IDE FOREIGN KEY(IDE) REFERENCES EVENEMENTS(IDE),
		CONSTRAINT FK_COMMENTE_IDUSER FOREIGN KEY(IDUSER) REFERENCES USERS(IDUSER)
);


/* ---------------------------------------------Insertion de tuples dans les relations-----------------------------------------------------*/


INSERT INTO ADRESSES VALUES (1, 1, "nom_de_voie", 34090, 3.8833, 43.6);
INSERT INTO ADRESSES VALUES (2, 2, "nom_de_voie1", 34091, 3.8833, 43.6);
INSERT INTO ADRESSES VALUES (3, 3, "nom_de_voie2", 34092, 3.8833, 43.6);
INSERT INTO ADRESSES VALUES (4, 4, "nom_de_voie3", 34093, 3.8833, 43.6);
INSERT INTO ADRESSES VALUES (5, 5, "nom_de_voie4", 34094, 3.8833, 43.6);
INSERT INTO ADRESSES VALUES (6, 6, "nom_de_voie5", 34095, 3.8833, 43.6);
INSERT INTO ADRESSES VALUES (7, 7, "nom_de_voie6", 34096, 3.8833, 43.6);
INSERT INTO ADRESSES VALUES (8, 8, "nom_de_voie7", 34097, 3.8833, 43.6);
INSERT INTO ADRESSES VALUES (9, 9, "nom_de_voie8", 34098, 3.8833, 43.6);
INSERT INTO ADRESSES VALUES (10, 10, "nom_de_voie9", 34099, 3.8833, 43.6);
INSERT INTO ADRESSES VALUES (11, 11, "nom_de_voie10", 34100, 3.8833, 43.6);

INSERT INTO THEMES VALUES ("Football");
INSERT INTO THEMES VALUES ("Musée");
INSERT INTO THEMES VALUES ("Histoire");
INSERT INTO THEMES VALUES ("Sciencs");
INSERT INTO THEMES VALUES ("Foobar");
INSERT INTO THEMES VALUES ("Theme");
INSERT INTO THEMES VALUES ("Barfoo");
INSERT INTO THEMES VALUES ("Master");
INSERT INTO THEMES VALUES ("MONTPELLIER");
INSERT INTO THEMES VALUES ("Restaurant");
INSERT INTO THEMES VALUES ("Hotel");

INSERT INTO USERS VALUES (1, 1, "Feng-Ly", "Txu", "lliegointernational@mail.com", "Lliego@123", '2019-12-13');
INSERT INTO USERS VALUES (2, 2, "Allouch", "Yanis", "lliegointernational1@mail.com", "Lliego@123", '2019-12-12');
INSERT INTO USERS VALUES (3, 3, "Nom1", "Prenom1", "foobar@mail.com", "azertyuiop", '2019-12-12');
INSERT INTO USERS VALUES (4, 4, "Nom2", "Prenom2", "foobar1@gmail.com", "azertyuiop", '2019-12-12');
INSERT INTO USERS VALUES (5, 1, "Nom3", "Prenom3", "foobar2@gmail.com", "azertyuiop", '2019-12-12');
INSERT INTO USERS VALUES (6, 2, "Nom4", "Prenom4", "foobar3@gmail.com", "azertyuiop", '2019-12-12');
INSERT INTO USERS VALUES (7, 3, "Nom5", "Prenom5", "foobar4@gmail.com", "azertyuiop", '2019-12-12');
INSERT INTO USERS VALUES (8, 4, "Nom6", "Prenom6", "foobar5@gmail.com", "azertyuiop", '2019-12-12');
INSERT INTO USERS VALUES (9, 5, "Nom7", "Prenom7", "foobar6@gmail.com", "azertyuiop", '2019-12-12');
INSERT INTO USERS VALUES (10, 6, "Nom8", "Prenom8", "foobar7@gmail.com", "azertyuiop", '2019-12-12');
INSERT INTO USERS VALUES (11, 7, "Nom9", "Prenom9", "foobar8@gmail.com", "azertyuiop", '2019-12-12');


INSERT INTO CONTRIBUTEURS VALUES (1, "Contrib1", 1);
INSERT INTO CONTRIBUTEURS VALUES (2, "Contrib2", 1);
INSERT INTO CONTRIBUTEURS VALUES (3, "Contrib3", 0);
INSERT INTO CONTRIBUTEURS VALUES (4, "Contrib4", 0);
INSERT INTO CONTRIBUTEURS VALUES (5, "Contrib5", 0);
INSERT INTO CONTRIBUTEURS VALUES (6, "Contrib6", 0);
INSERT INTO CONTRIBUTEURS VALUES (7, "Contrib7", 0);
INSERT INTO CONTRIBUTEURS VALUES (8, "Contrib8", 0);
INSERT INTO CONTRIBUTEURS VALUES (9, "Contrib9", 0);
INSERT INTO CONTRIBUTEURS VALUES (10, "Contrib10", 0);
INSERT INTO CONTRIBUTEURS VALUES (11, "Contrib11", 0);

INSERT INTO ADMINISTRATEURS VALUES (1);
INSERT INTO ADMINISTRATEURS VALUES (2);


INSERT INTO EVENEMENTS VALUES (1, 1, 1, "Titre-Event-1", "Description1", 2, '2019-12-18', '10:22:22',0);
INSERT INTO EVENEMENTS VALUES (2, 2, 2, "Titre-Event-2", "Description2", 22, '2019-12-18', '10:22:23',0);
INSERT INTO EVENEMENTS VALUES (3, 3, 1, "Titre-Event-3", "Description3", 20, '2019-12-18', '10:22:24',0);
INSERT INTO EVENEMENTS VALUES (4, 4, 1, "Titre-Event-4", "Description4", 6, '2019-12-18', '10:22:25',0);
INSERT INTO EVENEMENTS VALUES (5, 5, 1, "Titre-Event-5", "Description5", 5, '2020-07-14', '10:22:26',0);
INSERT INTO EVENEMENTS VALUES (6, 5, 1, "Titre-Event-6", "Description6", 99, '2020-07-14', '10:22:27',0);
INSERT INTO EVENEMENTS VALUES (7, 6, 1, "Titre-Event-7", "Description7", 310, '2020-07-14', '10:22:28',0);
INSERT INTO EVENEMENTS VALUES (8, 8, 1, "Titre-Event-8", "Description8", 51, '2020-07-14', '10:22:29',0);
INSERT INTO EVENEMENTS VALUES (9, 9, 1, "Titre-Event-9", "Description9", 19, '2020-07-14', '10:22:30',0);
INSERT INTO EVENEMENTS VALUES (10, 11, 1, "Titre-Event-10", "Description10", 12, '2020-09-01', '10:22:31',0);
INSERT INTO EVENEMENTS VALUES (11, 10, 1, "Titre-Event-11", "Description11", 16, '2020-09-01', '10:22:31',0);

INSERT INTO COMPOSE VALUES (1, "Football");
INSERT INTO COMPOSE VALUES (1, "Hotel");
INSERT INTO COMPOSE VALUES (2, "Foobar");
INSERT INTO COMPOSE VALUES (3, "Musée");
INSERT INTO COMPOSE VALUES (4, "Histoire");
INSERT INTO COMPOSE VALUES (5, "Histoire");
INSERT INTO COMPOSE VALUES (6, "Barfoo");
INSERT INTO COMPOSE VALUES (7, "Foobar");
INSERT INTO COMPOSE VALUES (8, "MONTPELLIER");
INSERT INTO COMPOSE VALUES (9, "Restaurant");
INSERT INTO COMPOSE VALUES (10, "Hotel");
INSERT INTO COMPOSE VALUES (11, "Restaurant");

INSERT INTO PARTICIPE VALUES (1, 1);
INSERT INTO PARTICIPE VALUES (1, 2);
INSERT INTO PARTICIPE VALUES (3, 4);
INSERT INTO PARTICIPE VALUES (2, 1);
INSERT INTO PARTICIPE VALUES (2, 2);
INSERT INTO PARTICIPE VALUES (2, 3);
INSERT INTO PARTICIPE VALUES (3, 3);
INSERT INTO PARTICIPE VALUES (2, 6);
INSERT INTO PARTICIPE VALUES (4, 5);
INSERT INTO PARTICIPE VALUES (2, 8); 
INSERT INTO PARTICIPE VALUES (9, 8);
INSERT INTO PARTICIPE VALUES (10, 9);

INSERT INTO COMMENTE VALUES (1, 1, 5, "Commentaire1");
INSERT INTO COMMENTE VALUES (1, 2, 1, "Commentaire2");
INSERT INTO COMMENTE VALUES (3, 4, 3, "Commentaire3");
INSERT INTO COMMENTE VALUES (2, 3, 2, "Commentaire4");
INSERT INTO COMMENTE VALUES (2, 2, 5, "Commentaire5");
INSERT INTO COMMENTE VALUES (2, 6, 5, "Commentaire6");
INSERT INTO COMMENTE VALUES (9, 11, 2, "Commentaire7");
INSERT INTO COMMENTE VALUES (2, 8, 5 , 'Super événement !!!') ;

/* ---------------------------------------------Affichage des tuples----------------------------------------------------------------------------*/

SELECT * FROM ADRESSES;
SELECT * FROM THEMES;
SELECT * FROM COMMENTE;
SELECT * FROM COMPOSE;
SELECT * FROM USERS;
SELECT * FROM CONTRIBUTEURS;
SELECT * FROM ADMINISTRATEURS;
SELECT * FROM EVENEMENTS;
SELECT * FROM PARTICIPE;


/* ---------------------------------------------Définion de triggers----------------------------------------------------------------------------*/

/* 
Triggers 1 pour remplacer le CHECK du CONTRIBUTEURS sur l'état (valide ou non) d'un compte.
Ainsi que garantir que le surclassement en contributeur proviennent d'un utilisateur (Problème de FOREIGN KEY qui n'est pas éxécuté par l'ordre de création ? Du a InnoDB qui vérifie seulement la syntaxe?) .
*/

DROP TRIGGER IF EXISTS BEFORE_INSERT_CONTRIBUTEURS;
DELIMITER $$
CREATE TRIGGER BEFORE_INSERT_CONTRIBUTEURS BEFORE INSERT ON CONTRIBUTEURS
FOR EACH ROW
BEGIN
    BEGIN
    	DECLARE var_idcontrib NUMERIC(8) DEFAULT -1;
      SELECT IDUSER INTO var_idcontrib
    	FROM USERS
    	WHERE IDUSER = NEW.IDCONTRIB;
      IF (var_idcontrib = '-1')
      THEN 
       	CALL GESTION_ERREUR(4) ;
    	END IF;
    END;
	BEGIN
		IF (NEW.VALIDE <> '1') AND (NEW.VALIDE <> '0') 
        THEN
		    SET NEW.VALIDE = 0 ;
    	END IF ;
	END ;
END $$
DELIMITER ;

/* 
Triggers pour garantir qu'un commentaire a été insérer par un utilisateur ayant participé a un événement passé.
*/

DROP TRIGGER IF EXISTS
		BEFORE_INSERT_COMMENTE;
DELIMITER $$
CREATE TRIGGER BEFORE_INSERT_COMMENTE BEFORE INSERT ON
		COMMENTE FOR EACH ROW
BEGIN
	DECLARE
			var_user_ev INTEGER(8) DEFAULT -1; 
	DECLARE 
			var_date_ev DATE DEFAULT '1970-01-01'; 
	DECLARE 
			var_heure_ev TIME DEFAULT '23:59:59';
	SELECT
			PARTICIPE.IDUSER
	INTO var_user_ev
	FROM
			EVENEMENTS,
			PARTICIPE
	WHERE
			EVENEMENTS.IDE = PARTICIPE.IDE AND participe.IDUSER = NEW.IDUSER AND EVENEMENTS.IDE = NEW.IDE ;
	SELECT
			EVENEMENTS.DATE_EVENEMENT
	INTO var_date_ev
	FROM
			EVENEMENTS,
			PARTICIPE
	WHERE
			EVENEMENTS.IDE = PARTICIPE.IDE AND PARTICIPE.IDUSER = NEW.IDUSER AND EVENEMENTS.IDE = NEW.IDE ;
	SELECT
			EVENEMENTS.HEURE_EVENEMENT
	INTO var_heure_ev
	FROM
			EVENEMENTS,
			PARTICIPE
	WHERE
		EVENEMENTS.IDE = PARTICIPE.IDE AND PARTICIPE.IDUSER = NEW.IDUSER AND EVENEMENTS.IDE = NEW.IDE;
	IF (var_user_ev = -1)
	THEN 
		CALL GESTION_ERREUR(1) ;
	ELSEIF (var_user_ev <> -1) AND (var_date_ev > CURRENT_DATE()) AND (var_heure_ev > CURRENT_TIME())
	THEN 
		CALL GESTION_ERREUR(6) ;
	END IF ;
END $$
DELIMITER ;

/* 
Triggers pour garantir qu'un participant ne puisse pas s'enregistrer dans un événement complet
et que si il peut participer a cette événement qu'il ne soit pas en conflit avec une autre participation ce jour là.
*/

DROP TRIGGER IF EXISTS
		BEFORE_INSERT_PARTICIPE;
DELIMITER $$
CREATE TRIGGER BEFORE_INSERT_PARTICIPE BEFORE INSERT ON
		PARTICIPE FOR EACH ROW
BEGIN
	BEGIN
		DECLARE
			var_nb_participants INTEGER ; 
		DECLARE 
			var_eff_max INTEGER ;
		SELECT
			COUNT(IDUSER)
		INTO var_nb_participants
		FROM
			participe
		WHERE
			ide = NEW.ide ;
		SELECT
			EFFECTIF_MAX
			INTO var_eff_max
		FROM
			evenements
		WHERE
			IDE = NEW.IDE ; 
		IF var_nb_participants = var_eff_max 
		THEN
			CALL GESTION_ERREUR(2) ;
		END IF ;
	END ;
	BEGIN
		DECLARE
				var_date_evenement DATE ; 
		DECLARE 
			var_heure_evenement TIME ; 
		DECLARE 
			var_date_evenement_courant DATE ; 
		DECLARE 
			var_heure_evenement_courant TIME ;
		SELECT
				EVENEMENTS.DATE_EVENEMENT,
				EVENEMENTS.HEURE_EVENEMENT
		INTO var_date_evenement, var_heure_evenement
		FROM
				EVENEMENTS,
				PARTICIPE
		WHERE
				EVENEMENTS.IDE = PARTICIPE.IDE AND participe.IDUSER = NEW.IDUSER AND EVENEMENTS.IDE <> NEW.IDE ;
		SELECT
				EVENEMENTS.DATE_EVENEMENT,
				EVENEMENTS.HEURE_EVENEMENT
		INTO var_date_evenement_courant, var_heure_evenement_courant
		FROM
				EVENEMENTS,
				PARTICIPE
		WHERE
				EVENEMENTS.IDE = PARTICIPE.IDE AND participe.IDUSER = NEW.IDUSER AND EVENEMENTS.IDE = NEW.IDE ; 
		IF(var_date_evenement = var_date_evenement_courant) AND (ABS(HOUR(var_heure_evenement) - HOUR(var_heure_evenement_courant)) >= 2)
		THEN 
			CALL GESTION_ERREUR(5) ;
		END IF;
	END ;
END $$
DELIMITER ;

/* 
Triggers pour garantir qu'un utilisateur ne puisse pas s'enregister avec l'email d'un autre utilisateur
*/

DROP TRIGGER IF EXISTS
	BEFORE_INSERT_USERS;
DELIMITER $$
CREATE TRIGGER BEFORE_INSERT_USERS BEFORE INSERT ON 
	users FOR EACH ROW 
BEGIN
	DECLARE 
		var_mail VARCHAR(100);
	SET var_mail = 'erreur';
	SELECT 
		LOWER(MAIL) 
	INTO 
		VAR_MAIL 
	FROM 
		USERS 
	WHERE 
		MAIL = LOWER(NEW.mail);
	IF var_mail = NEW.mail
	THEN
		CALL GESTION_ERREUR(3);
	END IF;
END $$
DELIMITER ;


/*---------------------------------------------Définition de functions ou procedures---------------------------------------------------*/


/* Procédure 1 : Les 10 evenements ayant le plus de participant. */

DROP PROCEDURE IF EXISTS 
	TOP10_EVENEMENT;
DELIMITER $$
CREATE PROCEDURE TOP10_EVENEMENT ()
BEGIN
	SELECT
			A.IDE,
			A.TITRE,
			A.DESCRIPTION,
			A.TARIF,
			A.EFFECTIF_MAX,
			A.DATE_EVENEMENT,
			A.NOM_VOIE,
			A.NUM_RUE,
			A.CP,
			A.LONGITUDE,
			A.LATITUDE
	FROM
			(
			SELECT
					E.IDE,
					E.TITRE,
					E.DESCRIPTION,
					E.TARIF,
					E.EFFECTIF_MAX,
					E.DATE_EVENEMENT,
					ADRESSES.NOM_VOIE,
					ADRESSES.NUM_RUE,
					ADRESSES.CP,
					ADRESSES.LONGITUDE,
					ADRESSES.LATITUDE,
					COUNT(IDUSER) AS NB_PARTICIPANT
			FROM
					EVENEMENTS E,
					PARTICIPE,
					ADRESSES
	WHERE
			E.IDE = PARTICIPE.IDE
	AND
			E.IDA = ADRESSES.IDA
	AND 
			E.DATE_EVENEMENT > CURRENT_DATE()
	GROUP BY
			E.IDE
	ORDER BY
			NB_PARTICIPANT
	DESC
	) A
	LIMIT 10;
END $$
DELIMITER ;

/* Fonction 1 : Le compte des participants de l'événement courant */

DROP FUNCTION IF EXISTS 
	NOMBRE_PARTICIPANT;
DELIMITER $$
CREATE FUNCTION NOMBRE_PARTICIPANT
	(IDEVENEMENT NUMERIC(8))
	RETURNS NUMERIC(10) NOT DETERMINISTIC
BEGIN
	DECLARE 
		RESULTAT NUMERIC(8);
	SELECT 
		COUNT(*)
	INTO 
		RESULTAT
	FROM 
		evenements,
		participe
	WHERE 
		evenements.IDE = participe.IDE
	AND 
		evenements.IDE = IDEVENEMENT;
	RETURN RESULTAT;
END $$
DELIMITER ;

/* Procédure 2 : gerer les erreurs */

DROP PROCEDURE IF EXISTS 
	GESTION_ERREUR;
DELIMITER $$
CREATE PROCEDURE GESTION_ERREUR 
	(IN numeroErreur NUMERIC(10))
BEGIN
	CASE numeroErreur
		WHEN 1 THEN
			SIGNAL SQLSTATE '01H01' 
			SET MESSAGE_TEXT = 'l utilisateur n a pas participer a l événement.';
		WHEN 2 THEN
			SIGNAL SQLSTATE '01H02' 
			SET MESSAGE_TEXT = 'Nombre de participant maximum atteint';
		WHEN 3 THEN
			SIGNAL SQLSTATE '01H03' 
			SET MESSAGE_TEXT = 'cette adresse mail existe deja';
		WHEN 4 THEN
			SIGNAL SQLSTATE '01H04' 
			SET MESSAGE_TEXT = 'Utilisateur inconnu !';
		WHEN 5 THEN
			SIGNAL SQLSTATE '01H05' 
			SET MESSAGE_TEXT = 'Il participe déjà a un événement dans la même journée (offset +2h)';
		WHEN 6 THEN
			SIGNAL SQLSTATE '01H06' 
			SET MESSAGE_TEXT = 'l utilisateur ne peut pas encore commenter l événement car il n est pas encore terminer';
		ELSE
			SIGNAL SQLSTATE '01H07'
			SET MESSAGE_TEXT = 'Erreur non prise en charge, vérifiez la documentation';
		END CASE;
END $$
DELIMITER ;

/* Procedure 3 : Renvoyer les evenements actifs */

DROP PROCEDURE IF EXISTS 
	EVENEMENTS_ACTIF_ARCHIVER;
DELIMITER $$
CREATE PROCEDURE EVENEMENTS_ACTIF_ARCHIVER
	(IN ETAT BOOLEAN)
BEGIN
	CASE ETAT
	WHEN 1 THEN
		SELECT 
			*
		FROM 
			EVENEMENTS
		WHERE 
			EVENEMENTS.DATE_EVENEMENT > CURRENT_DATE()
		AND 
			EVENEMENTS.HEURE_EVENEMENT > CURTIME();
	ELSE
		SELECT 
			*
		FROM 
			EVENEMENTS
		WHERE 
			EVENEMENTS.DATE_EVENEMENT < CURRENT_DATE()
		AND 
			EVENEMENTS.HEURE_EVENEMENT < CURTIME();
	END CASE;
END $$
DELIMITER ;

/* Procédure 4 : Renvoie toutes les informations sur un événement excepté ses thèmes. */

DROP PROCEDURE IF EXISTS 
	INFORMATION_EVENEMENT;
DELIMITER $$
CREATE PROCEDURE INFORMATION_EVENEMENT
	(IN V_IDE NUMERIC(8))
BEGIN
	SELECT 
		*
	FROM 
		EVENEMENTS, ADRESSES
	WHERE
		EVENEMENTS.IDA = ADRESSES.IDA
	AND
		EVENEMENTS.IDE = V_IDE;
END $$
DELIMITER ;

/* Fonction 2 : Renvoie TRUE si un user participe a un événement sinon FALSE. */

DROP FUNCTION IF EXISTS 
	PARTICIPE_A;
DELIMITER $$
CREATE FUNCTION PARTICIPE_A
	(V_IDE NUMERIC(8), V_IDUSER NUMERIC(8))
	RETURNS TINYINT(1) NOT DETERMINISTIC
BEGIN
	DECLARE V_TMP NUMERIC(8);
	SELECT
		PARTICIPE.IDE
	INTO
		V_TMP
	FROM 
		EVENEMENTS, PARTICIPE
	WHERE
		EVENEMENTS.IDE = PARTICIPE.IDE
	AND
		EVENEMENTS.IDE = V_IDE
	AND
		PARTICIPE.IDUSER = V_IDUSER;
	IF(V_IDE = V_TMP)
	THEN
		SET V_TMP = 1;
	ELSE
		SET V_TMP = 0;
	END IF;
	RETURN V_TMP;
END $$
DELIMITER ;